model,clean_macro_f1,phone_macro_f1,delta
Custom CNN,0.08192971511748805,0.08192971511748805,0.0
ResNet50,0.7242731363889462,0.6061526186187385,-0.11812051777020771
